activation_function,accuracy
linear,80.48780487804879
sigmoid,85.85365853658537
relu,92.6829268292683
softmax,91.70731707317074
tanh,97.07317073170731
