epochs,accuracy
1,81.46341463414633
10,83.41463414634146
25,92.19512195121952
50,91.70731707317074
100,95.60975609756098
250,96.09756097560975
