learning_rate,accuracy
10.0,49.75609756097561
1.0,49.75609756097561
0.1,86.82926829268293
0.01,92.19512195121952
0.001,83.90243902439025
0.0001,80.48780487804879
