batch_size,accuracy
16,91.70731707317074
32,93.65853658536587
64,91.70731707317074
128,90.73170731707317
256,91.70731707317074
512,88.29268292682927
