batch_size,accuracy
16,97.10982658959537
32,97.97687861271676
64,97.10982658959537
128,97.39884393063583
256,97.39884393063583
512,94.50867052023122
