hidden_layers,accuracy
[4],81.21387283236994
[8],92.1965317919075
[16],96.53179190751445
[32],96.24277456647398
[64],98.26589595375722
[128],98.84393063583815
