learning_rate,accuracy
10.0,67.91907514450867
1.0,67.91907514450867
0.1,95.08670520231213
0.01,97.6878612716763
0.001,90.7514450867052
0.0001,67.05202312138728
