activation_function,accuracy
relu,97.6878612716763
sigmoid,97.6878612716763
tanh,98.84393063583815
softmax,94.50867052023122
