epochs,accuracy
1,68.4971098265896
10,93.0635838150289
25,95.37572254335261
50,95.95375722543352
100,98.55491329479769
250,99.42196531791907
