epochs,avg_loss
1,483.7402648925781
10,20.540069580078125
25,10.142359415690104
50,8.087972323099772
100,8.49519141515096
250,7.546281337738037
