hidden_layers,avg_loss
[4],10.766408602396647
[8],11.76406192779541
[16],9.16459846496582
[32],8.927175362904867
[64],8.113637447357178
[128],8.177828311920166
