learning_rate,avg_loss
10.0,76.21854209899902
1.0,10.728925387064615
0.1,10.60136349995931
0.01,9.312378883361816
0.001,53.814154307047524
0.0001,540.4016418457031
