batch_size,avg_loss
16,6.163733005523682
32,8.163158734639486
64,12.83036470413208
128,13.064866065979004
256,23.587543487548828
512,61.37887191772461
